Feedstock,Feedstock_flow
Benzene,6.0977345267363905
Butadiene,1.778154034061495
Butylene,0.420139165267
Carbon dioxide,2.10625258549887e-15
Ethylene,11.949001414277
Fossil fuels,148.04567929041787
Herbaceous biomass,144.42788540024702
Methane,0.0
Methanol,8.780777890452
Propylene,5.417683422914999
Toluene,0.140190021356
Woody biomass,4.628069259039
Xylenes,3.50914367966
